pais,anio,tecnologia_cod,tecnologia,pct,flag
AT,2021,E_AI_TANY,Cualquier IA,8.83,
BE,2021,E_AI_TANY,Cualquier IA,10.32,
BG,2021,E_AI_TANY,Cualquier IA,3.29,
CY,2021,E_AI_TANY,Cualquier IA,2.59,
CZ,2021,E_AI_TANY,Cualquier IA,4.46,
DE,2021,E_AI_TANY,Cualquier IA,10.56,
DK,2021,E_AI_TANY,Cualquier IA,23.89,
EE,2021,E_AI_TANY,Cualquier IA,2.77,
EL,2021,E_AI_TANY,Cualquier IA,2.61,
ES,2021,E_AI_TANY,Cualquier IA,7.67,
EU27_2020,2021,E_AI_TANY,Cualquier IA,7.65,
FI,2021,E_AI_TANY,Cualquier IA,15.79,
FR,2021,E_AI_TANY,Cualquier IA,6.67,
HR,2021,E_AI_TANY,Cualquier IA,8.74,
HU,2021,E_AI_TANY,Cualquier IA,2.98,
IE,2021,E_AI_TANY,Cualquier IA,7.88,
IT,2021,E_AI_TANY,Cualquier IA,6.17,
LT,2021,E_AI_TANY,Cualquier IA,4.45,
LU,2021,E_AI_TANY,Cualquier IA,13.0,
LV,2021,E_AI_TANY,Cualquier IA,3.72,
MT,2021,E_AI_TANY,Cualquier IA,10.16,
NL,2021,E_AI_TANY,Cualquier IA,13.1,
PL,2021,E_AI_TANY,Cualquier IA,2.86,
PT,2021,E_AI_TANY,Cualquier IA,7.2,
RO,2021,E_AI_TANY,Cualquier IA,1.38,
SE,2021,E_AI_TANY,Cualquier IA,9.92,
SI,2021,E_AI_TANY,Cualquier IA,11.73,
SK,2021,E_AI_TANY,Cualquier IA,5.19,
AT,2021,E_AI_TAR,Robots autonomos,1.02,
BE,2021,E_AI_TAR,Robots autonomos,1.71,
BG,2021,E_AI_TAR,Robots autonomos,0.27,
CY,2021,E_AI_TAR,Robots autonomos,0.13,
CZ,2021,E_AI_TAR,Robots autonomos,0.39,
DE,2021,E_AI_TAR,Robots autonomos,0.95,
DK,2021,E_AI_TAR,Robots autonomos,3.61,
EE,2021,E_AI_TAR,Robots autonomos,0.42,
EL,2021,E_AI_TAR,Robots autonomos,0.3,
ES,2021,E_AI_TAR,Robots autonomos,0.96,
EU27_2020,2021,E_AI_TAR,Robots autonomos,0.89,
FI,2021,E_AI_TAR,Robots autonomos,2.19,
FR,2021,E_AI_TAR,Robots autonomos,0.84,
HR,2021,E_AI_TAR,Robots autonomos,0.48,
HU,2021,E_AI_TAR,Robots autonomos,0.49,
IE,2021,E_AI_TAR,Robots autonomos,0.55,
IT,2021,E_AI_TAR,Robots autonomos,0.72,
LT,2021,E_AI_TAR,Robots autonomos,0.94,
LU,2021,E_AI_TAR,Robots autonomos,1.11,
LV,2021,E_AI_TAR,Robots autonomos,0.65,
MT,2021,E_AI_TAR,Robots autonomos,1.48,
NL,2021,E_AI_TAR,Robots autonomos,2.23,
PL,2021,E_AI_TAR,Robots autonomos,0.41,
PT,2021,E_AI_TAR,Robots autonomos,0.94,
RO,2021,E_AI_TAR,Robots autonomos,0.34,
SE,2021,E_AI_TAR,Robots autonomos,1.23,
SI,2021,E_AI_TAR,Robots autonomos,0.59,
SK,2021,E_AI_TAR,Robots autonomos,0.34,
AT,2021,E_AI_TIR,Vision por computador,2.13,
BE,2021,E_AI_TIR,Vision por computador,3.54,
BG,2021,E_AI_TIR,Vision por computador,0.86,
CY,2021,E_AI_TIR,Vision por computador,0.96,
CZ,2021,E_AI_TIR,Vision por computador,1.61,
DE,2021,E_AI_TIR,Vision por computador,2.65,
DK,2021,E_AI_TIR,Vision por computador,4.0,
EE,2021,E_AI_TIR,Vision por computador,1.18,
EL,2021,E_AI_TIR,Vision por computador,0.4,
ES,2021,E_AI_TIR,Vision por computador,3.09,
EU27_2020,2021,E_AI_TIR,Vision por computador,2.12,
FI,2021,E_AI_TIR,Vision por computador,4.31,
FR,2021,E_AI_TIR,Vision por computador,1.55,
HR,2021,E_AI_TIR,Vision por computador,2.24,
HU,2021,E_AI_TIR,Vision por computador,0.95,
IE,2021,E_AI_TIR,Vision por computador,2.0,
IT,2021,E_AI_TIR,Vision por computador,1.77,
LT,2021,E_AI_TIR,Vision por computador,1.53,
LU,2021,E_AI_TIR,Vision por computador,2.85,
LV,2021,E_AI_TIR,Vision por computador,1.74,
MT,2021,E_AI_TIR,Vision por computador,4.13,
NL,2021,E_AI_TIR,Vision por computador,3.77,
PL,2021,E_AI_TIR,Vision por computador,0.74,
PT,2021,E_AI_TIR,Vision por computador,2.36,
RO,2021,E_AI_TIR,Vision por computador,0.52,
SE,2021,E_AI_TIR,Vision por computador,2.11,
SI,2021,E_AI_TIR,Vision por computador,7.59,
SK,2021,E_AI_TIR,Vision por computador,1.82,
AT,2021,E_AI_TML,Machine learning,3.69,
BE,2021,E_AI_TML,Machine learning,4.42,
BG,2021,E_AI_TML,Machine learning,0.94,
CY,2021,E_AI_TML,Machine learning,1.43,
CZ,2021,E_AI_TML,Machine learning,1.4,
DE,2021,E_AI_TML,Machine learning,2.87,
DK,2021,E_AI_TML,Machine learning,8.84,
EE,2021,E_AI_TML,Machine learning,1.08,
EL,2021,E_AI_TML,Machine learning,1.16,
ES,2021,E_AI_TML,Machine learning,2.32,
EU27_2020,2021,E_AI_TML,Machine learning,2.44,
FI,2021,E_AI_TML,Machine learning,6.1,
FR,2021,E_AI_TML,Machine learning,2.41,
HR,2021,E_AI_TML,Machine learning,2.5,
HU,2021,E_AI_TML,Machine learning,0.72,
IE,2021,E_AI_TML,Machine learning,3.53,
IT,2021,E_AI_TML,Machine learning,1.45,
LT,2021,E_AI_TML,Machine learning,1.19,
LU,2021,E_AI_TML,Machine learning,3.48,
LV,2021,E_AI_TML,Machine learning,1.08,
MT,2021,E_AI_TML,Machine learning,4.47,
NL,2021,E_AI_TML,Machine learning,6.05,
PL,2021,E_AI_TML,Machine learning,0.74,
PT,2021,E_AI_TML,Machine learning,1.98,
RO,2021,E_AI_TML,Machine learning,0.51,
SE,2021,E_AI_TML,Machine learning,4.43,
SI,2021,E_AI_TML,Machine learning,3.21,
SK,2021,E_AI_TML,Machine learning,0.89,
AT,2021,E_AI_TNLG,Generacion de lenguaje,1.01,
BE,2021,E_AI_TNLG,Generacion de lenguaje,2.12,
BG,2021,E_AI_TNLG,Generacion de lenguaje,0.36,
CY,2021,E_AI_TNLG,Generacion de lenguaje,0.52,
CZ,2021,E_AI_TNLG,Generacion de lenguaje,0.79,
DE,2021,E_AI_TNLG,Generacion de lenguaje,1.57,
DK,2021,E_AI_TNLG,Generacion de lenguaje,5.15,
EE,2021,E_AI_TNLG,Generacion de lenguaje,0.58,
EL,2021,E_AI_TNLG,Generacion de lenguaje,0.14,
ES,2021,E_AI_TNLG,Generacion de lenguaje,1.45,
EU27_2020,2021,E_AI_TNLG,Generacion de lenguaje,1.3,
FI,2021,E_AI_TNLG,Generacion de lenguaje,2.45,
FR,2021,E_AI_TNLG,Generacion de lenguaje,1.06,
HR,2021,E_AI_TNLG,Generacion de lenguaje,2.06,
HU,2021,E_AI_TNLG,Generacion de lenguaje,0.43,
IE,2021,E_AI_TNLG,Generacion de lenguaje,1.14,
IT,2021,E_AI_TNLG,Generacion de lenguaje,1.35,
LT,2021,E_AI_TNLG,Generacion de lenguaje,0.87,
LU,2021,E_AI_TNLG,Generacion de lenguaje,2.55,
LV,2021,E_AI_TNLG,Generacion de lenguaje,0.8,
MT,2021,E_AI_TNLG,Generacion de lenguaje,2.13,
NL,2021,E_AI_TNLG,Generacion de lenguaje,2.15,
PL,2021,E_AI_TNLG,Generacion de lenguaje,0.33,
PT,2021,E_AI_TNLG,Generacion de lenguaje,0.99,
RO,2021,E_AI_TNLG,Generacion de lenguaje,0.34,
SE,2021,E_AI_TNLG,Generacion de lenguaje,2.33,
SI,2021,E_AI_TNLG,Generacion de lenguaje,3.46,
SK,2021,E_AI_TNLG,Generacion de lenguaje,0.71,
AT,2021,E_AI_TPA,Automatizacion de procesos,2.6,
BE,2021,E_AI_TPA,Automatizacion de procesos,3.18,
BG,2021,E_AI_TPA,Automatizacion de procesos,1.79,
CY,2021,E_AI_TPA,Automatizacion de procesos,0.83,
CZ,2021,E_AI_TPA,Automatizacion de procesos,1.42,
DE,2021,E_AI_TPA,Automatizacion de procesos,3.49,
DK,2021,E_AI_TPA,Automatizacion de procesos,16.94,
EE,2021,E_AI_TPA,Automatizacion de procesos,0.66,
EL,2021,E_AI_TPA,Automatizacion de procesos,1.04,
ES,2021,E_AI_TPA,Automatizacion de procesos,3.0,
EU27_2020,2021,E_AI_TPA,Automatizacion de procesos,2.85,
FI,2021,E_AI_TPA,Automatizacion de procesos,8.62,
FR,2021,E_AI_TPA,Automatizacion de procesos,2.1,
HR,2021,E_AI_TPA,Automatizacion de procesos,3.19,
HU,2021,E_AI_TPA,Automatizacion de procesos,1.14,
IE,2021,E_AI_TPA,Automatizacion de procesos,3.0,
IT,2021,E_AI_TPA,Automatizacion de procesos,1.89,
LT,2021,E_AI_TPA,Automatizacion de procesos,2.31,
LU,2021,E_AI_TPA,Automatizacion de procesos,3.48,
LV,2021,E_AI_TPA,Automatizacion de procesos,1.61,
MT,2021,E_AI_TPA,Automatizacion de procesos,4.11,
NL,2021,E_AI_TPA,Automatizacion de procesos,6.42,
PL,2021,E_AI_TPA,Automatizacion de procesos,1.44,
PT,2021,E_AI_TPA,Automatizacion de procesos,2.67,
RO,2021,E_AI_TPA,Automatizacion de procesos,0.66,
SE,2021,E_AI_TPA,Automatizacion de procesos,4.57,
SI,2021,E_AI_TPA,Automatizacion de procesos,2.12,
SK,2021,E_AI_TPA,Automatizacion de procesos,1.61,
AT,2021,E_AI_TPVSG,Generacion de imagen/audio,,
BE,2021,E_AI_TPVSG,Generacion de imagen/audio,,
BG,2021,E_AI_TPVSG,Generacion de imagen/audio,,
CY,2021,E_AI_TPVSG,Generacion de imagen/audio,,
CZ,2021,E_AI_TPVSG,Generacion de imagen/audio,,
DE,2021,E_AI_TPVSG,Generacion de imagen/audio,,
DK,2021,E_AI_TPVSG,Generacion de imagen/audio,,
EE,2021,E_AI_TPVSG,Generacion de imagen/audio,,
EL,2021,E_AI_TPVSG,Generacion de imagen/audio,,
ES,2021,E_AI_TPVSG,Generacion de imagen/audio,,
EU27_2020,2021,E_AI_TPVSG,Generacion de imagen/audio,,
FI,2021,E_AI_TPVSG,Generacion de imagen/audio,,
FR,2021,E_AI_TPVSG,Generacion de imagen/audio,,
HR,2021,E_AI_TPVSG,Generacion de imagen/audio,,
HU,2021,E_AI_TPVSG,Generacion de imagen/audio,,
IE,2021,E_AI_TPVSG,Generacion de imagen/audio,,
IT,2021,E_AI_TPVSG,Generacion de imagen/audio,,
LT,2021,E_AI_TPVSG,Generacion de imagen/audio,,
LU,2021,E_AI_TPVSG,Generacion de imagen/audio,,
LV,2021,E_AI_TPVSG,Generacion de imagen/audio,,
MT,2021,E_AI_TPVSG,Generacion de imagen/audio,,
NL,2021,E_AI_TPVSG,Generacion de imagen/audio,,
PL,2021,E_AI_TPVSG,Generacion de imagen/audio,,
PT,2021,E_AI_TPVSG,Generacion de imagen/audio,,
RO,2021,E_AI_TPVSG,Generacion de imagen/audio,,
SE,2021,E_AI_TPVSG,Generacion de imagen/audio,,
SI,2021,E_AI_TPVSG,Generacion de imagen/audio,,
SK,2021,E_AI_TPVSG,Generacion de imagen/audio,,
AT,2021,E_AI_TSR,Reconocimiento de voz,2.11,
BE,2021,E_AI_TSR,Reconocimiento de voz,2.26,
BG,2021,E_AI_TSR,Reconocimiento de voz,0.58,
CY,2021,E_AI_TSR,Reconocimiento de voz,0.48,
CZ,2021,E_AI_TSR,Reconocimiento de voz,1.36,
DE,2021,E_AI_TSR,Reconocimiento de voz,4.49,
DK,2021,E_AI_TSR,Reconocimiento de voz,3.82,
EE,2021,E_AI_TSR,Reconocimiento de voz,0.45,
EL,2021,E_AI_TSR,Reconocimiento de voz,0.47,
ES,2021,E_AI_TSR,Reconocimiento de voz,2.4,
EU27_2020,2021,E_AI_TSR,Reconocimiento de voz,2.31,
FI,2021,E_AI_TSR,Reconocimiento de voz,3.04,
FR,2021,E_AI_TSR,Reconocimiento de voz,1.43,
HR,2021,E_AI_TSR,Reconocimiento de voz,2.09,
HU,2021,E_AI_TSR,Reconocimiento de voz,0.72,
IE,2021,E_AI_TSR,Reconocimiento de voz,1.89,
IT,2021,E_AI_TSR,Reconocimiento de voz,1.89,
LT,2021,E_AI_TSR,Reconocimiento de voz,0.83,
LU,2021,E_AI_TSR,Reconocimiento de voz,3.56,
LV,2021,E_AI_TSR,Reconocimiento de voz,0.83,
MT,2021,E_AI_TSR,Reconocimiento de voz,1.93,
NL,2021,E_AI_TSR,Reconocimiento de voz,2.78,
PL,2021,E_AI_TSR,Reconocimiento de voz,0.74,
PT,2021,E_AI_TSR,Reconocimiento de voz,1.06,
RO,2021,E_AI_TSR,Reconocimiento de voz,0.46,
SE,2021,E_AI_TSR,Reconocimiento de voz,2.18,
SI,2021,E_AI_TSR,Reconocimiento de voz,1.49,
SK,2021,E_AI_TSR,Reconocimiento de voz,1.08,
AT,2021,E_AI_TTM,Mineria de texto,4.95,
BE,2021,E_AI_TTM,Mineria de texto,4.55,
BG,2021,E_AI_TTM,Mineria de texto,1.28,
CY,2021,E_AI_TTM,Mineria de texto,0.81,
CZ,2021,E_AI_TTM,Mineria de texto,1.73,
DE,2021,E_AI_TTM,Mineria de texto,2.88,
DK,2021,E_AI_TTM,Mineria de texto,8.22,
EE,2021,E_AI_TTM,Mineria de texto,0.86,
EL,2021,E_AI_TTM,Mineria de texto,0.35,
ES,2021,E_AI_TTM,Mineria de texto,2.31,
EU27_2020,2021,E_AI_TTM,Mineria de texto,2.48,
FI,2021,E_AI_TTM,Mineria de texto,5.27,
FR,2021,E_AI_TTM,Mineria de texto,2.12,
HR,2021,E_AI_TTM,Mineria de texto,3.32,
HU,2021,E_AI_TTM,Mineria de texto,0.95,
IE,2021,E_AI_TTM,Mineria de texto,2.65,
IT,2021,E_AI_TTM,Mineria de texto,2.34,
LT,2021,E_AI_TTM,Mineria de texto,1.6,
LU,2021,E_AI_TTM,Mineria de texto,8.49,
LV,2021,E_AI_TTM,Mineria de texto,1.8,
MT,2021,E_AI_TTM,Mineria de texto,3.09,
NL,2021,E_AI_TTM,Mineria de texto,3.94,
PL,2021,E_AI_TTM,Mineria de texto,0.75,
PT,2021,E_AI_TTM,Mineria de texto,2.49,
RO,2021,E_AI_TTM,Mineria de texto,0.91,
SE,2021,E_AI_TTM,Mineria de texto,3.49,
SI,2021,E_AI_TTM,Mineria de texto,0.76,
SK,2021,E_AI_TTM,Mineria de texto,2.24,
AT,2023,E_AI_TANY,Cualquier IA,10.79,
BE,2023,E_AI_TANY,Cualquier IA,13.81,
BG,2023,E_AI_TANY,Cualquier IA,3.62,
CY,2023,E_AI_TANY,Cualquier IA,4.67,
CZ,2023,E_AI_TANY,Cualquier IA,5.9,
DE,2023,E_AI_TANY,Cualquier IA,11.55,
DK,2023,E_AI_TANY,Cualquier IA,15.17,
EE,2023,E_AI_TANY,Cualquier IA,5.19,
EL,2023,E_AI_TANY,Cualquier IA,3.98,
ES,2023,E_AI_TANY,Cualquier IA,9.18,
EU27_2020,2023,E_AI_TANY,Cualquier IA,8.06,
FI,2023,E_AI_TANY,Cualquier IA,15.1,
FR,2023,E_AI_TANY,Cualquier IA,5.88,b
HR,2023,E_AI_TANY,Cualquier IA,7.89,
HU,2023,E_AI_TANY,Cualquier IA,3.68,
IE,2023,E_AI_TANY,Cualquier IA,8.01,
IT,2023,E_AI_TANY,Cualquier IA,5.05,
LT,2023,E_AI_TANY,Cualquier IA,4.86,
LU,2023,E_AI_TANY,Cualquier IA,14.45,
LV,2023,E_AI_TANY,Cualquier IA,4.53,
MT,2023,E_AI_TANY,Cualquier IA,13.17,
NL,2023,E_AI_TANY,Cualquier IA,14.1,
PL,2023,E_AI_TANY,Cualquier IA,3.67,
PT,2023,E_AI_TANY,Cualquier IA,7.86,
RO,2023,E_AI_TANY,Cualquier IA,1.51,
SE,2023,E_AI_TANY,Cualquier IA,10.37,b
SI,2023,E_AI_TANY,Cualquier IA,11.37,
SK,2023,E_AI_TANY,Cualquier IA,7.04,
AT,2023,E_AI_TAR,Robots autonomos,1.0,
BE,2023,E_AI_TAR,Robots autonomos,2.21,
BG,2023,E_AI_TAR,Robots autonomos,0.65,
CY,2023,E_AI_TAR,Robots autonomos,0.6,
CZ,2023,E_AI_TAR,Robots autonomos,0.96,
DE,2023,E_AI_TAR,Robots autonomos,0.93,
DK,2023,E_AI_TAR,Robots autonomos,1.78,
EE,2023,E_AI_TAR,Robots autonomos,0.69,
EL,2023,E_AI_TAR,Robots autonomos,0.36,
ES,2023,E_AI_TAR,Robots autonomos,1.57,
EU27_2020,2023,E_AI_TAR,Robots autonomos,0.92,
FI,2023,E_AI_TAR,Robots autonomos,1.86,
FR,2023,E_AI_TAR,Robots autonomos,0.51,b
HR,2023,E_AI_TAR,Robots autonomos,0.66,
HU,2023,E_AI_TAR,Robots autonomos,0.65,
IE,2023,E_AI_TAR,Robots autonomos,0.67,
IT,2023,E_AI_TAR,Robots autonomos,0.86,
LT,2023,E_AI_TAR,Robots autonomos,0.52,
LU,2023,E_AI_TAR,Robots autonomos,1.31,
LV,2023,E_AI_TAR,Robots autonomos,0.46,
MT,2023,E_AI_TAR,Robots autonomos,1.37,
NL,2023,E_AI_TAR,Robots autonomos,2.42,
PL,2023,E_AI_TAR,Robots autonomos,0.38,
PT,2023,E_AI_TAR,Robots autonomos,0.65,
RO,2023,E_AI_TAR,Robots autonomos,0.15,
SE,2023,E_AI_TAR,Robots autonomos,0.94,b
SI,2023,E_AI_TAR,Robots autonomos,1.16,
SK,2023,E_AI_TAR,Robots autonomos,0.81,
AT,2023,E_AI_TIR,Vision por computador,2.46,
BE,2023,E_AI_TIR,Vision por computador,4.47,
BG,2023,E_AI_TIR,Vision por computador,0.79,
CY,2023,E_AI_TIR,Vision por computador,1.89,
CZ,2023,E_AI_TIR,Vision por computador,1.65,
DE,2023,E_AI_TIR,Vision por computador,2.67,
DK,2023,E_AI_TIR,Vision por computador,3.56,
EE,2023,E_AI_TIR,Vision por computador,1.54,
EL,2023,E_AI_TIR,Vision por computador,1.06,
ES,2023,E_AI_TIR,Vision por computador,3.31,
EU27_2020,2023,E_AI_TIR,Vision por computador,2.17,
FI,2023,E_AI_TIR,Vision por computador,3.36,
FR,2023,E_AI_TIR,Vision por computador,1.46,b
HR,2023,E_AI_TIR,Vision por computador,1.47,
HU,2023,E_AI_TIR,Vision por computador,1.11,
IE,2023,E_AI_TIR,Vision por computador,1.41,
IT,2023,E_AI_TIR,Vision por computador,1.54,
LT,2023,E_AI_TIR,Vision por computador,1.42,
LU,2023,E_AI_TIR,Vision por computador,3.19,
LV,2023,E_AI_TIR,Vision por computador,1.36,
MT,2023,E_AI_TIR,Vision por computador,4.63,
NL,2023,E_AI_TIR,Vision por computador,3.79,
PL,2023,E_AI_TIR,Vision por computador,0.87,
PT,2023,E_AI_TIR,Vision por computador,3.51,
RO,2023,E_AI_TIR,Vision por computador,0.5,
SE,2023,E_AI_TIR,Vision por computador,2.53,b
SI,2023,E_AI_TIR,Vision por computador,6.42,
SK,2023,E_AI_TIR,Vision por computador,2.07,
AT,2023,E_AI_TML,Machine learning,4.6,
BE,2023,E_AI_TML,Machine learning,4.78,
BG,2023,E_AI_TML,Machine learning,0.94,
CY,2023,E_AI_TML,Machine learning,2.12,
CZ,2023,E_AI_TML,Machine learning,2.32,
DE,2023,E_AI_TML,Machine learning,2.97,
DK,2023,E_AI_TML,Machine learning,7.05,
EE,2023,E_AI_TML,Machine learning,1.6,
EL,2023,E_AI_TML,Machine learning,1.02,
ES,2023,E_AI_TML,Machine learning,2.96,
EU27_2020,2023,E_AI_TML,Machine learning,2.6,
FI,2023,E_AI_TML,Machine learning,6.51,
FR,2023,E_AI_TML,Machine learning,2.65,b
HR,2023,E_AI_TML,Machine learning,2.15,
HU,2023,E_AI_TML,Machine learning,0.98,
IE,2023,E_AI_TML,Machine learning,2.98,
IT,2023,E_AI_TML,Machine learning,1.51,
LT,2023,E_AI_TML,Machine learning,1.28,
LU,2023,E_AI_TML,Machine learning,3.93,
LV,2023,E_AI_TML,Machine learning,1.1,
MT,2023,E_AI_TML,Machine learning,4.7,
NL,2023,E_AI_TML,Machine learning,5.82,
PL,2023,E_AI_TML,Machine learning,1.02,
PT,2023,E_AI_TML,Machine learning,2.06,
RO,2023,E_AI_TML,Machine learning,0.6,
SE,2023,E_AI_TML,Machine learning,3.96,b
SI,2023,E_AI_TML,Machine learning,2.88,
SK,2023,E_AI_TML,Machine learning,1.88,
AT,2023,E_AI_TNLG,Generacion de lenguaje,2.51,
BE,2023,E_AI_TNLG,Generacion de lenguaje,4.0,
BG,2023,E_AI_TNLG,Generacion de lenguaje,1.16,
CY,2023,E_AI_TNLG,Generacion de lenguaje,1.24,
CZ,2023,E_AI_TNLG,Generacion de lenguaje,0.67,
DE,2023,E_AI_TNLG,Generacion de lenguaje,2.99,
DK,2023,E_AI_TNLG,Generacion de lenguaje,5.0,
EE,2023,E_AI_TNLG,Generacion de lenguaje,1.2,
EL,2023,E_AI_TNLG,Generacion de lenguaje,0.82,
ES,2023,E_AI_TNLG,Generacion de lenguaje,2.29,
EU27_2020,2023,E_AI_TNLG,Generacion de lenguaje,2.1,
FI,2023,E_AI_TNLG,Generacion de lenguaje,4.25,
FR,2023,E_AI_TNLG,Generacion de lenguaje,1.09,b
HR,2023,E_AI_TNLG,Generacion de lenguaje,2.46,
HU,2023,E_AI_TNLG,Generacion de lenguaje,0.95,
IE,2023,E_AI_TNLG,Generacion de lenguaje,2.21,
IT,2023,E_AI_TNLG,Generacion de lenguaje,1.48,
LT,2023,E_AI_TNLG,Generacion de lenguaje,1.3,
LU,2023,E_AI_TNLG,Generacion de lenguaje,3.54,
LV,2023,E_AI_TNLG,Generacion de lenguaje,0.73,
MT,2023,E_AI_TNLG,Generacion de lenguaje,3.43,
NL,2023,E_AI_TNLG,Generacion de lenguaje,4.32,
PL,2023,E_AI_TNLG,Generacion de lenguaje,0.91,
PT,2023,E_AI_TNLG,Generacion de lenguaje,1.39,
RO,2023,E_AI_TNLG,Generacion de lenguaje,0.75,
SE,2023,E_AI_TNLG,Generacion de lenguaje,3.79,b
SI,2023,E_AI_TNLG,Generacion de lenguaje,4.83,
SK,2023,E_AI_TNLG,Generacion de lenguaje,1.58,
AT,2023,E_AI_TPA,Automatizacion de procesos,3.49,
BE,2023,E_AI_TPA,Automatizacion de procesos,5.15,
BG,2023,E_AI_TPA,Automatizacion de procesos,1.88,
CY,2023,E_AI_TPA,Automatizacion de procesos,1.38,
CZ,2023,E_AI_TPA,Automatizacion de procesos,1.9,
DE,2023,E_AI_TPA,Automatizacion de procesos,3.7,
DK,2023,E_AI_TPA,Automatizacion de procesos,7.29,
EE,2023,E_AI_TPA,Automatizacion de procesos,1.28,
EL,2023,E_AI_TPA,Automatizacion de procesos,1.86,
ES,2023,E_AI_TPA,Automatizacion de procesos,3.38,
EU27_2020,2023,E_AI_TPA,Automatizacion de procesos,2.99,
FI,2023,E_AI_TPA,Automatizacion de procesos,8.56,
FR,2023,E_AI_TPA,Automatizacion de procesos,1.99,b
HR,2023,E_AI_TPA,Automatizacion de procesos,1.87,
HU,2023,E_AI_TPA,Automatizacion de procesos,1.62,
IE,2023,E_AI_TPA,Automatizacion de procesos,4.3,
IT,2023,E_AI_TPA,Automatizacion de procesos,2.02,
LT,2023,E_AI_TPA,Automatizacion de procesos,2.41,
LU,2023,E_AI_TPA,Automatizacion de procesos,3.55,
LV,2023,E_AI_TPA,Automatizacion de procesos,1.26,
MT,2023,E_AI_TPA,Automatizacion de procesos,5.0,
NL,2023,E_AI_TPA,Automatizacion de procesos,5.6,
PL,2023,E_AI_TPA,Automatizacion de procesos,1.98,
PT,2023,E_AI_TPA,Automatizacion de procesos,3.21,
RO,2023,E_AI_TPA,Automatizacion de procesos,0.65,
SE,2023,E_AI_TPA,Automatizacion de procesos,4.78,b
SI,2023,E_AI_TPA,Automatizacion de procesos,2.53,
SK,2023,E_AI_TPA,Automatizacion de procesos,2.74,
AT,2023,E_AI_TPVSG,Generacion de imagen/audio,,
BE,2023,E_AI_TPVSG,Generacion de imagen/audio,,
BG,2023,E_AI_TPVSG,Generacion de imagen/audio,,
CY,2023,E_AI_TPVSG,Generacion de imagen/audio,,
CZ,2023,E_AI_TPVSG,Generacion de imagen/audio,,
DE,2023,E_AI_TPVSG,Generacion de imagen/audio,,
DK,2023,E_AI_TPVSG,Generacion de imagen/audio,,
EE,2023,E_AI_TPVSG,Generacion de imagen/audio,,
EL,2023,E_AI_TPVSG,Generacion de imagen/audio,,
ES,2023,E_AI_TPVSG,Generacion de imagen/audio,,
EU27_2020,2023,E_AI_TPVSG,Generacion de imagen/audio,,
FI,2023,E_AI_TPVSG,Generacion de imagen/audio,,
FR,2023,E_AI_TPVSG,Generacion de imagen/audio,,
HR,2023,E_AI_TPVSG,Generacion de imagen/audio,,
HU,2023,E_AI_TPVSG,Generacion de imagen/audio,,
IE,2023,E_AI_TPVSG,Generacion de imagen/audio,,
IT,2023,E_AI_TPVSG,Generacion de imagen/audio,,
LT,2023,E_AI_TPVSG,Generacion de imagen/audio,,
LU,2023,E_AI_TPVSG,Generacion de imagen/audio,,
LV,2023,E_AI_TPVSG,Generacion de imagen/audio,,
MT,2023,E_AI_TPVSG,Generacion de imagen/audio,,
NL,2023,E_AI_TPVSG,Generacion de imagen/audio,,
PL,2023,E_AI_TPVSG,Generacion de imagen/audio,,
PT,2023,E_AI_TPVSG,Generacion de imagen/audio,,
RO,2023,E_AI_TPVSG,Generacion de imagen/audio,,
SE,2023,E_AI_TPVSG,Generacion de imagen/audio,,
SI,2023,E_AI_TPVSG,Generacion de imagen/audio,,
SK,2023,E_AI_TPVSG,Generacion de imagen/audio,,
AT,2023,E_AI_TSR,Reconocimiento de voz,3.06,
BE,2023,E_AI_TSR,Reconocimiento de voz,3.89,
BG,2023,E_AI_TSR,Reconocimiento de voz,0.91,
CY,2023,E_AI_TSR,Reconocimiento de voz,0.83,
CZ,2023,E_AI_TSR,Reconocimiento de voz,0.82,
DE,2023,E_AI_TSR,Reconocimiento de voz,5.02,
DK,2023,E_AI_TSR,Reconocimiento de voz,3.57,
EE,2023,E_AI_TSR,Reconocimiento de voz,0.93,
EL,2023,E_AI_TSR,Reconocimiento de voz,0.82,
ES,2023,E_AI_TSR,Reconocimiento de voz,2.89,
EU27_2020,2023,E_AI_TSR,Reconocimiento de voz,2.55,
FI,2023,E_AI_TSR,Reconocimiento de voz,3.79,
FR,2023,E_AI_TSR,Reconocimiento de voz,1.28,b
HR,2023,E_AI_TSR,Reconocimiento de voz,2.25,
HU,2023,E_AI_TSR,Reconocimiento de voz,0.94,
IE,2023,E_AI_TSR,Reconocimiento de voz,1.49,
IT,2023,E_AI_TSR,Reconocimiento de voz,1.56,
LT,2023,E_AI_TSR,Reconocimiento de voz,1.45,
LU,2023,E_AI_TSR,Reconocimiento de voz,3.77,
LV,2023,E_AI_TSR,Reconocimiento de voz,1.3,
MT,2023,E_AI_TSR,Reconocimiento de voz,2.37,
NL,2023,E_AI_TSR,Reconocimiento de voz,3.43,
PL,2023,E_AI_TSR,Reconocimiento de voz,0.77,
PT,2023,E_AI_TSR,Reconocimiento de voz,1.32,
RO,2023,E_AI_TSR,Reconocimiento de voz,0.54,
SE,2023,E_AI_TSR,Reconocimiento de voz,2.49,b
SI,2023,E_AI_TSR,Reconocimiento de voz,1.95,
SK,2023,E_AI_TSR,Reconocimiento de voz,2.31,
AT,2023,E_AI_TTM,Mineria de texto,5.86,
BE,2023,E_AI_TTM,Mineria de texto,6.05,
BG,2023,E_AI_TTM,Mineria de texto,1.32,
CY,2023,E_AI_TTM,Mineria de texto,1.21,
CZ,2023,E_AI_TTM,Mineria de texto,3.05,
DE,2023,E_AI_TTM,Mineria de texto,3.51,
DK,2023,E_AI_TTM,Mineria de texto,5.99,
EE,2023,E_AI_TTM,Mineria de texto,2.0,
EL,2023,E_AI_TTM,Mineria de texto,1.2,
ES,2023,E_AI_TTM,Mineria de texto,3.07,
EU27_2020,2023,E_AI_TTM,Mineria de texto,2.9,
FI,2023,E_AI_TTM,Mineria de texto,6.55,
FR,2023,E_AI_TTM,Mineria de texto,2.33,b
HR,2023,E_AI_TTM,Mineria de texto,3.86,
HU,2023,E_AI_TTM,Mineria de texto,1.21,
IE,2023,E_AI_TTM,Mineria de texto,2.69,
IT,2023,E_AI_TTM,Mineria de texto,1.99,
LT,2023,E_AI_TTM,Mineria de texto,2.29,
LU,2023,E_AI_TTM,Mineria de texto,9.42,
LV,2023,E_AI_TTM,Mineria de texto,2.3,
MT,2023,E_AI_TTM,Mineria de texto,4.47,
NL,2023,E_AI_TTM,Mineria de texto,5.54,
PL,2023,E_AI_TTM,Mineria de texto,0.54,
PT,2023,E_AI_TTM,Mineria de texto,2.75,
RO,2023,E_AI_TTM,Mineria de texto,1.12,
SE,2023,E_AI_TTM,Mineria de texto,4.35,b
SI,2023,E_AI_TTM,Mineria de texto,0.85,
SK,2023,E_AI_TTM,Mineria de texto,3.93,
AT,2024,E_AI_TANY,Cualquier IA,20.27,
BE,2024,E_AI_TANY,Cualquier IA,24.71,
BG,2024,E_AI_TANY,Cualquier IA,6.47,
CY,2024,E_AI_TANY,Cualquier IA,7.9,
CZ,2024,E_AI_TANY,Cualquier IA,11.26,
DE,2024,E_AI_TANY,Cualquier IA,19.75,
DK,2024,E_AI_TANY,Cualquier IA,27.58,
EE,2024,E_AI_TANY,Cualquier IA,13.89,
EL,2024,E_AI_TANY,Cualquier IA,9.81,
ES,2024,E_AI_TANY,Cualquier IA,11.31,
EU27_2020,2024,E_AI_TANY,Cualquier IA,13.48,
FI,2024,E_AI_TANY,Cualquier IA,24.37,
FR,2024,E_AI_TANY,Cualquier IA,9.91,
HR,2024,E_AI_TANY,Cualquier IA,11.76,
HU,2024,E_AI_TANY,Cualquier IA,7.41,
IE,2024,E_AI_TANY,Cualquier IA,14.9,
IT,2024,E_AI_TANY,Cualquier IA,8.2,
LT,2024,E_AI_TANY,Cualquier IA,8.76,
LU,2024,E_AI_TANY,Cualquier IA,23.73,
LV,2024,E_AI_TANY,Cualquier IA,8.83,
MT,2024,E_AI_TANY,Cualquier IA,17.3,
NL,2024,E_AI_TANY,Cualquier IA,23.06,
PL,2024,E_AI_TANY,Cualquier IA,5.9,
PT,2024,E_AI_TANY,Cualquier IA,8.63,
RO,2024,E_AI_TANY,Cualquier IA,3.07,
SE,2024,E_AI_TANY,Cualquier IA,25.09,
SI,2024,E_AI_TANY,Cualquier IA,20.89,
SK,2024,E_AI_TANY,Cualquier IA,10.78,
AT,2024,E_AI_TAR,Robots autonomos,1.14,
BE,2024,E_AI_TAR,Robots autonomos,2.75,
BG,2024,E_AI_TAR,Robots autonomos,0.44,
CY,2024,E_AI_TAR,Robots autonomos,0.22,
CZ,2024,E_AI_TAR,Robots autonomos,0.7,
DE,2024,E_AI_TAR,Robots autonomos,1.02,
DK,2024,E_AI_TAR,Robots autonomos,2.42,
EE,2024,E_AI_TAR,Robots autonomos,0.81,
EL,2024,E_AI_TAR,Robots autonomos,0.38,
ES,2024,E_AI_TAR,Robots autonomos,1.39,
EU27_2020,2024,E_AI_TAR,Robots autonomos,1.01,
FI,2024,E_AI_TAR,Robots autonomos,2.37,
FR,2024,E_AI_TAR,Robots autonomos,0.68,
HR,2024,E_AI_TAR,Robots autonomos,0.42,
HU,2024,E_AI_TAR,Robots autonomos,0.77,
IE,2024,E_AI_TAR,Robots autonomos,0.96,
IT,2024,E_AI_TAR,Robots autonomos,0.85,
LT,2024,E_AI_TAR,Robots autonomos,1.45,
LU,2024,E_AI_TAR,Robots autonomos,1.86,
LV,2024,E_AI_TAR,Robots autonomos,0.61,
MT,2024,E_AI_TAR,Robots autonomos,1.94,
NL,2024,E_AI_TAR,Robots autonomos,2.21,
PL,2024,E_AI_TAR,Robots autonomos,0.53,
PT,2024,E_AI_TAR,Robots autonomos,1.12,
RO,2024,E_AI_TAR,Robots autonomos,0.47,
SE,2024,E_AI_TAR,Robots autonomos,1.38,
SI,2024,E_AI_TAR,Robots autonomos,1.75,
SK,2024,E_AI_TAR,Robots autonomos,0.72,
AT,2024,E_AI_TIR,Vision por computador,3.35,
BE,2024,E_AI_TIR,Vision por computador,6.17,
BG,2024,E_AI_TIR,Vision por computador,1.84,
CY,2024,E_AI_TIR,Vision por computador,1.53,
CZ,2024,E_AI_TIR,Vision por computador,1.96,
DE,2024,E_AI_TIR,Vision por computador,4.68,
DK,2024,E_AI_TIR,Vision por computador,5.54,
EE,2024,E_AI_TIR,Vision por computador,4.18,
EL,2024,E_AI_TIR,Vision por computador,1.68,
ES,2024,E_AI_TIR,Vision por computador,3.46,
EU27_2020,2024,E_AI_TIR,Vision por computador,3.23,
FI,2024,E_AI_TIR,Vision por computador,5.52,
FR,2024,E_AI_TIR,Vision por computador,2.15,
HR,2024,E_AI_TIR,Vision por computador,2.73,
HU,2024,E_AI_TIR,Vision por computador,2.27,
IE,2024,E_AI_TIR,Vision por computador,3.11,
IT,2024,E_AI_TIR,Vision por computador,2.09,
LT,2024,E_AI_TIR,Vision por computador,2.6,
LU,2024,E_AI_TIR,Vision por computador,4.55,
LV,2024,E_AI_TIR,Vision por computador,2.7,
MT,2024,E_AI_TIR,Vision por computador,5.8,
NL,2024,E_AI_TIR,Vision por computador,4.57,
PL,2024,E_AI_TIR,Vision por computador,1.67,
PT,2024,E_AI_TIR,Vision por computador,3.07,
RO,2024,E_AI_TIR,Vision por computador,0.92,
SE,2024,E_AI_TIR,Vision por computador,5.07,
SI,2024,E_AI_TIR,Vision por computador,11.98,
SK,2024,E_AI_TIR,Vision por computador,2.48,
AT,2024,E_AI_TML,Machine learning,6.89,
BE,2024,E_AI_TML,Machine learning,8.07,
BG,2024,E_AI_TML,Machine learning,2.11,
CY,2024,E_AI_TML,Machine learning,5.25,
CZ,2024,E_AI_TML,Machine learning,4.53,
DE,2024,E_AI_TML,Machine learning,5.26,
DK,2024,E_AI_TML,Machine learning,10.74,
EE,2024,E_AI_TML,Machine learning,3.53,
EL,2024,E_AI_TML,Machine learning,4.02,
ES,2024,E_AI_TML,Machine learning,3.91,
EU27_2020,2024,E_AI_TML,Machine learning,4.24,
FI,2024,E_AI_TML,Machine learning,9.68,
FR,2024,E_AI_TML,Machine learning,4.04,
HR,2024,E_AI_TML,Machine learning,4.14,
HU,2024,E_AI_TML,Machine learning,1.82,
IE,2024,E_AI_TML,Machine learning,5.53,
IT,2024,E_AI_TML,Machine learning,2.57,
LT,2024,E_AI_TML,Machine learning,2.8,
LU,2024,E_AI_TML,Machine learning,6.28,
LV,2024,E_AI_TML,Machine learning,2.04,
MT,2024,E_AI_TML,Machine learning,6.49,
NL,2024,E_AI_TML,Machine learning,6.52,
PL,2024,E_AI_TML,Machine learning,1.56,
PT,2024,E_AI_TML,Machine learning,2.88,
RO,2024,E_AI_TML,Machine learning,1.26,
SE,2024,E_AI_TML,Machine learning,8.09,
SI,2024,E_AI_TML,Machine learning,4.19,
SK,2024,E_AI_TML,Machine learning,2.61,
AT,2024,E_AI_TNLG,Generacion de lenguaje,8.22,
BE,2024,E_AI_TNLG,Generacion de lenguaje,12.66,
BG,2024,E_AI_TNLG,Generacion de lenguaje,2.29,
CY,2024,E_AI_TNLG,Generacion de lenguaje,3.08,
CZ,2024,E_AI_TNLG,Generacion de lenguaje,5.94,
DE,2024,E_AI_TNLG,Generacion de lenguaje,6.63,
DK,2024,E_AI_TNLG,Generacion de lenguaje,18.48,
EE,2024,E_AI_TNLG,Generacion de lenguaje,5.77,
EL,2024,E_AI_TNLG,Generacion de lenguaje,3.17,
ES,2024,E_AI_TNLG,Generacion de lenguaje,4.27,
EU27_2020,2024,E_AI_TNLG,Generacion de lenguaje,5.41,
FI,2024,E_AI_TNLG,Generacion de lenguaje,13.01,
FR,2024,E_AI_TNLG,Generacion de lenguaje,3.18,
HR,2024,E_AI_TNLG,Generacion de lenguaje,3.96,
HU,2024,E_AI_TNLG,Generacion de lenguaje,2.73,
IE,2024,E_AI_TNLG,Generacion de lenguaje,7.28,
IT,2024,E_AI_TNLG,Generacion de lenguaje,3.72,
LT,2024,E_AI_TNLG,Generacion de lenguaje,3.64,
LU,2024,E_AI_TNLG,Generacion de lenguaje,8.71,
LV,2024,E_AI_TNLG,Generacion de lenguaje,2.19,
MT,2024,E_AI_TNLG,Generacion de lenguaje,3.74,
NL,2024,E_AI_TNLG,Generacion de lenguaje,12.59,
PL,2024,E_AI_TNLG,Generacion de lenguaje,2.37,
PT,2024,E_AI_TNLG,Generacion de lenguaje,3.1,
RO,2024,E_AI_TNLG,Generacion de lenguaje,1.48,
SE,2024,E_AI_TNLG,Generacion de lenguaje,11.98,
SI,2024,E_AI_TNLG,Generacion de lenguaje,11.61,
SK,2024,E_AI_TNLG,Generacion de lenguaje,3.94,
AT,2024,E_AI_TPA,Automatizacion de procesos,4.89,
BE,2024,E_AI_TPA,Automatizacion de procesos,10.29,
BG,2024,E_AI_TPA,Automatizacion de procesos,2.89,
CY,2024,E_AI_TPA,Automatizacion de procesos,2.01,
CZ,2024,E_AI_TPA,Automatizacion de procesos,2.86,
DE,2024,E_AI_TPA,Automatizacion de procesos,5.22,
DK,2024,E_AI_TPA,Automatizacion de procesos,10.87,
EE,2024,E_AI_TPA,Automatizacion de procesos,2.84,
EL,2024,E_AI_TPA,Automatizacion de procesos,3.26,
ES,2024,E_AI_TPA,Automatizacion de procesos,4.41,
EU27_2020,2024,E_AI_TPA,Automatizacion de procesos,4.19,
FI,2024,E_AI_TPA,Automatizacion de procesos,10.59,
FR,2024,E_AI_TPA,Automatizacion de procesos,3.24,
HR,2024,E_AI_TPA,Automatizacion de procesos,3.13,
HU,2024,E_AI_TPA,Automatizacion de procesos,2.57,
IE,2024,E_AI_TPA,Automatizacion de procesos,6.22,
IT,2024,E_AI_TPA,Automatizacion de procesos,2.3,
LT,2024,E_AI_TPA,Automatizacion de procesos,4.37,
LU,2024,E_AI_TPA,Automatizacion de procesos,5.98,
LV,2024,E_AI_TPA,Automatizacion de procesos,2.54,
MT,2024,E_AI_TPA,Automatizacion de procesos,6.69,
NL,2024,E_AI_TPA,Automatizacion de procesos,6.27,
PL,2024,E_AI_TPA,Automatizacion de procesos,2.54,
PT,2024,E_AI_TPA,Automatizacion de procesos,3.6,
RO,2024,E_AI_TPA,Automatizacion de procesos,1.12,
SE,2024,E_AI_TPA,Automatizacion de procesos,8.22,
SI,2024,E_AI_TPA,Automatizacion de procesos,4.14,
SK,2024,E_AI_TPA,Automatizacion de procesos,4.04,
AT,2024,E_AI_TPVSG,Generacion de imagen/audio,,
BE,2024,E_AI_TPVSG,Generacion de imagen/audio,,
BG,2024,E_AI_TPVSG,Generacion de imagen/audio,,
CY,2024,E_AI_TPVSG,Generacion de imagen/audio,,
CZ,2024,E_AI_TPVSG,Generacion de imagen/audio,,
DE,2024,E_AI_TPVSG,Generacion de imagen/audio,,
DK,2024,E_AI_TPVSG,Generacion de imagen/audio,,
EE,2024,E_AI_TPVSG,Generacion de imagen/audio,,
EL,2024,E_AI_TPVSG,Generacion de imagen/audio,,
ES,2024,E_AI_TPVSG,Generacion de imagen/audio,,
EU27_2020,2024,E_AI_TPVSG,Generacion de imagen/audio,,
FI,2024,E_AI_TPVSG,Generacion de imagen/audio,,
FR,2024,E_AI_TPVSG,Generacion de imagen/audio,,
HR,2024,E_AI_TPVSG,Generacion de imagen/audio,,
HU,2024,E_AI_TPVSG,Generacion de imagen/audio,,
IE,2024,E_AI_TPVSG,Generacion de imagen/audio,,
IT,2024,E_AI_TPVSG,Generacion de imagen/audio,,
LT,2024,E_AI_TPVSG,Generacion de imagen/audio,,
LU,2024,E_AI_TPVSG,Generacion de imagen/audio,,
LV,2024,E_AI_TPVSG,Generacion de imagen/audio,,
MT,2024,E_AI_TPVSG,Generacion de imagen/audio,,
NL,2024,E_AI_TPVSG,Generacion de imagen/audio,,
PL,2024,E_AI_TPVSG,Generacion de imagen/audio,,
PT,2024,E_AI_TPVSG,Generacion de imagen/audio,,
RO,2024,E_AI_TPVSG,Generacion de imagen/audio,,
SE,2024,E_AI_TPVSG,Generacion de imagen/audio,,
SI,2024,E_AI_TPVSG,Generacion de imagen/audio,,
SK,2024,E_AI_TPVSG,Generacion de imagen/audio,,
AT,2024,E_AI_TSR,Reconocimiento de voz,5.9,
BE,2024,E_AI_TSR,Reconocimiento de voz,7.72,
BG,2024,E_AI_TSR,Reconocimiento de voz,1.76,
CY,2024,E_AI_TSR,Reconocimiento de voz,1.89,
CZ,2024,E_AI_TSR,Reconocimiento de voz,1.86,
DE,2024,E_AI_TSR,Reconocimiento de voz,9.22,
DK,2024,E_AI_TSR,Reconocimiento de voz,8.46,
EE,2024,E_AI_TSR,Reconocimiento de voz,3.14,
EL,2024,E_AI_TSR,Reconocimiento de voz,2.95,
ES,2024,E_AI_TSR,Reconocimiento de voz,3.71,
EU27_2020,2024,E_AI_TSR,Reconocimiento de voz,4.78,
FI,2024,E_AI_TSR,Reconocimiento de voz,7.37,
FR,2024,E_AI_TSR,Reconocimiento de voz,2.67,
HR,2024,E_AI_TSR,Reconocimiento de voz,3.22,
HU,2024,E_AI_TSR,Reconocimiento de voz,2.81,
IE,2024,E_AI_TSR,Reconocimiento de voz,4.43,
IT,2024,E_AI_TSR,Reconocimiento de voz,3.28,
LT,2024,E_AI_TSR,Reconocimiento de voz,2.82,
LU,2024,E_AI_TSR,Reconocimiento de voz,7.57,
LV,2024,E_AI_TSR,Reconocimiento de voz,2.14,
MT,2024,E_AI_TSR,Reconocimiento de voz,3.17,
NL,2024,E_AI_TSR,Reconocimiento de voz,6.28,
PL,2024,E_AI_TSR,Reconocimiento de voz,1.42,
PT,2024,E_AI_TSR,Reconocimiento de voz,2.18,
RO,2024,E_AI_TSR,Reconocimiento de voz,1.0,
SE,2024,E_AI_TSR,Reconocimiento de voz,6.28,
SI,2024,E_AI_TSR,Reconocimiento de voz,4.0,
SK,2024,E_AI_TSR,Reconocimiento de voz,4.05,
AT,2024,E_AI_TTM,Mineria de texto,13.13,
BE,2024,E_AI_TTM,Mineria de texto,15.14,
BG,2024,E_AI_TTM,Mineria de texto,3.93,
CY,2024,E_AI_TTM,Mineria de texto,3.22,
CZ,2024,E_AI_TTM,Mineria de texto,6.36,
DE,2024,E_AI_TTM,Mineria de texto,9.57,
DK,2024,E_AI_TTM,Mineria de texto,16.69,
EE,2024,E_AI_TTM,Mineria de texto,7.82,
EL,2024,E_AI_TTM,Mineria de texto,3.66,
ES,2024,E_AI_TTM,Mineria de texto,5.05,
EU27_2020,2024,E_AI_TTM,Mineria de texto,6.88,
FI,2024,E_AI_TTM,Mineria de texto,15.37,
FR,2024,E_AI_TTM,Mineria de texto,4.4,
HR,2024,E_AI_TTM,Mineria de texto,7.73,
HU,2024,E_AI_TTM,Mineria de texto,3.32,
IE,2024,E_AI_TTM,Mineria de texto,6.38,
IT,2024,E_AI_TTM,Mineria de texto,4.47,
LT,2024,E_AI_TTM,Mineria de texto,6.35,
LU,2024,E_AI_TTM,Mineria de texto,17.59,
LV,2024,E_AI_TTM,Mineria de texto,5.83,
MT,2024,E_AI_TTM,Mineria de texto,6.59,
NL,2024,E_AI_TTM,Mineria de texto,14.14,
PL,2024,E_AI_TTM,Mineria de texto,1.49,
PT,2024,E_AI_TTM,Mineria de texto,4.15,
RO,2024,E_AI_TTM,Mineria de texto,1.86,
SE,2024,E_AI_TTM,Mineria de texto,15.62,
SI,2024,E_AI_TTM,Mineria de texto,4.54,
SK,2024,E_AI_TTM,Mineria de texto,5.97,
AT,2025,E_AI_TANY,Cualquier IA,29.95,
BE,2025,E_AI_TANY,Cualquier IA,34.54,
BG,2025,E_AI_TANY,Cualquier IA,8.55,
CY,2025,E_AI_TANY,Cualquier IA,9.27,
CZ,2025,E_AI_TANY,Cualquier IA,17.6,
DE,2025,E_AI_TANY,Cualquier IA,25.97,
DK,2025,E_AI_TANY,Cualquier IA,42.03,
EE,2025,E_AI_TANY,Cualquier IA,23.4,
EL,2025,E_AI_TANY,Cualquier IA,8.93,
ES,2025,E_AI_TANY,Cualquier IA,20.27,
EU27_2020,2025,E_AI_TANY,Cualquier IA,19.95,
FI,2025,E_AI_TANY,Cualquier IA,37.82,
FR,2025,E_AI_TANY,Cualquier IA,18.16,
HR,2025,E_AI_TANY,Cualquier IA,15.19,
HU,2025,E_AI_TANY,Cualquier IA,10.37,
IE,2025,E_AI_TANY,Cualquier IA,19.64,
IT,2025,E_AI_TANY,Cualquier IA,16.4,
LT,2025,E_AI_TANY,Cualquier IA,21.3,
LU,2025,E_AI_TANY,Cualquier IA,33.61,
LV,2025,E_AI_TANY,Cualquier IA,12.21,
MT,2025,E_AI_TANY,Cualquier IA,21.51,
NL,2025,E_AI_TANY,Cualquier IA,33.21,b
PL,2025,E_AI_TANY,Cualquier IA,8.36,
PT,2025,E_AI_TANY,Cualquier IA,11.54,
RO,2025,E_AI_TANY,Cualquier IA,5.21,
SE,2025,E_AI_TANY,Cualquier IA,35.04,
SI,2025,E_AI_TANY,Cualquier IA,21.61,
SK,2025,E_AI_TANY,Cualquier IA,18.0,
AT,2025,E_AI_TAR,Robots autonomos,1.55,
BE,2025,E_AI_TAR,Robots autonomos,2.95,
BG,2025,E_AI_TAR,Robots autonomos,0.69,
CY,2025,E_AI_TAR,Robots autonomos,0.51,
CZ,2025,E_AI_TAR,Robots autonomos,1.1,
DE,2025,E_AI_TAR,Robots autonomos,1.51,
DK,2025,E_AI_TAR,Robots autonomos,4.38,
EE,2025,E_AI_TAR,Robots autonomos,0.79,
EL,2025,E_AI_TAR,Robots autonomos,0.38,
ES,2025,E_AI_TAR,Robots autonomos,1.63,
EU27_2020,2025,E_AI_TAR,Robots autonomos,1.39,
FI,2025,E_AI_TAR,Robots autonomos,2.73,
FR,2025,E_AI_TAR,Robots autonomos,1.73,
HR,2025,E_AI_TAR,Robots autonomos,0.72,
HU,2025,E_AI_TAR,Robots autonomos,0.87,
IE,2025,E_AI_TAR,Robots autonomos,0.82,
IT,2025,E_AI_TAR,Robots autonomos,0.97,
LT,2025,E_AI_TAR,Robots autonomos,2.75,
LU,2025,E_AI_TAR,Robots autonomos,1.65,
LV,2025,E_AI_TAR,Robots autonomos,1.32,
MT,2025,E_AI_TAR,Robots autonomos,1.75,
NL,2025,E_AI_TAR,Robots autonomos,2.36,
PL,2025,E_AI_TAR,Robots autonomos,0.7,
PT,2025,E_AI_TAR,Robots autonomos,1.39,
RO,2025,E_AI_TAR,Robots autonomos,0.68,
SE,2025,E_AI_TAR,Robots autonomos,1.14,
SI,2025,E_AI_TAR,Robots autonomos,1.44,
SK,2025,E_AI_TAR,Robots autonomos,0.94,
AT,2025,E_AI_TIR,Vision por computador,3.15,
BE,2025,E_AI_TIR,Vision por computador,6.54,
BG,2025,E_AI_TIR,Vision por computador,2.4,
CY,2025,E_AI_TIR,Vision por computador,2.34,
CZ,2025,E_AI_TIR,Vision por computador,2.1,
DE,2025,E_AI_TIR,Vision por computador,4.34,
DK,2025,E_AI_TIR,Vision por computador,7.28,
EE,2025,E_AI_TIR,Vision por computador,3.88,
EL,2025,E_AI_TIR,Vision por computador,2.06,
ES,2025,E_AI_TIR,Vision por computador,5.57,
EU27_2020,2025,E_AI_TIR,Vision por computador,3.78,
FI,2025,E_AI_TIR,Vision por computador,7.7,
FR,2025,E_AI_TIR,Vision por computador,3.69,
HR,2025,E_AI_TIR,Vision por computador,3.04,
HU,2025,E_AI_TIR,Vision por computador,2.89,
IE,2025,E_AI_TIR,Vision por computador,2.72,
IT,2025,E_AI_TIR,Vision por computador,2.92,
LT,2025,E_AI_TIR,Vision por computador,5.59,
LU,2025,E_AI_TIR,Vision por computador,4.39,
LV,2025,E_AI_TIR,Vision por computador,3.73,
MT,2025,E_AI_TIR,Vision por computador,4.89,
NL,2025,E_AI_TIR,Vision por computador,5.2,
PL,2025,E_AI_TIR,Vision por computador,1.84,
PT,2025,E_AI_TIR,Vision por computador,3.11,
RO,2025,E_AI_TIR,Vision por computador,1.6,
SE,2025,E_AI_TIR,Vision por computador,4.9,
SI,2025,E_AI_TIR,Vision por computador,8.45,
SK,2025,E_AI_TIR,Vision por computador,4.18,
AT,2025,E_AI_TML,Machine learning,7.56,
BE,2025,E_AI_TML,Machine learning,11.15,
BG,2025,E_AI_TML,Machine learning,2.26,
CY,2025,E_AI_TML,Machine learning,4.21,
CZ,2025,E_AI_TML,Machine learning,6.91,
DE,2025,E_AI_TML,Machine learning,6.04,
DK,2025,E_AI_TML,Machine learning,12.75,
EE,2025,E_AI_TML,Machine learning,3.87,
EL,2025,E_AI_TML,Machine learning,3.06,
ES,2025,E_AI_TML,Machine learning,5.62,
EU27_2020,2025,E_AI_TML,Machine learning,5.1,
FI,2025,E_AI_TML,Machine learning,12.85,
FR,2025,E_AI_TML,Machine learning,4.23,
HR,2025,E_AI_TML,Machine learning,4.97,
HU,2025,E_AI_TML,Machine learning,2.31,
IE,2025,E_AI_TML,Machine learning,5.82,
IT,2025,E_AI_TML,Machine learning,3.27,
LT,2025,E_AI_TML,Machine learning,4.62,
LU,2025,E_AI_TML,Machine learning,6.58,
LV,2025,E_AI_TML,Machine learning,3.16,
MT,2025,E_AI_TML,Machine learning,6.8,
NL,2025,E_AI_TML,Machine learning,9.51,
PL,2025,E_AI_TML,Machine learning,1.83,
PT,2025,E_AI_TML,Machine learning,4.03,
RO,2025,E_AI_TML,Machine learning,2.69,
SE,2025,E_AI_TML,Machine learning,8.79,
SI,2025,E_AI_TML,Machine learning,4.98,
SK,2025,E_AI_TML,Machine learning,3.79,
AT,2025,E_AI_TNLG,Generacion de lenguaje,15.26,
BE,2025,E_AI_TNLG,Generacion de lenguaje,15.86,
BG,2025,E_AI_TNLG,Generacion de lenguaje,3.22,
CY,2025,E_AI_TNLG,Generacion de lenguaje,4.53,
CZ,2025,E_AI_TNLG,Generacion de lenguaje,12.78,
DE,2025,E_AI_TNLG,Generacion de lenguaje,9.02,
DK,2025,E_AI_TNLG,Generacion de lenguaje,30.76,
EE,2025,E_AI_TNLG,Generacion de lenguaje,15.07,
EL,2025,E_AI_TNLG,Generacion de lenguaje,3.71,
ES,2025,E_AI_TNLG,Generacion de lenguaje,8.92,
EU27_2020,2025,E_AI_TNLG,Generacion de lenguaje,8.76,
FI,2025,E_AI_TNLG,Generacion de lenguaje,20.12,
FR,2025,E_AI_TNLG,Generacion de lenguaje,7.82,
HR,2025,E_AI_TNLG,Generacion de lenguaje,7.41,
HU,2025,E_AI_TNLG,Generacion de lenguaje,4.16,
IE,2025,E_AI_TNLG,Generacion de lenguaje,9.04,
IT,2025,E_AI_TNLG,Generacion de lenguaje,6.2,
LT,2025,E_AI_TNLG,Generacion de lenguaje,6.7,
LU,2025,E_AI_TNLG,Generacion de lenguaje,13.86,
LV,2025,E_AI_TNLG,Generacion de lenguaje,4.67,
MT,2025,E_AI_TNLG,Generacion de lenguaje,6.29,
NL,2025,E_AI_TNLG,Generacion de lenguaje,16.34,b
PL,2025,E_AI_TNLG,Generacion de lenguaje,5.23,
PT,2025,E_AI_TNLG,Generacion de lenguaje,5.27,
RO,2025,E_AI_TNLG,Generacion de lenguaje,3.12,
SE,2025,E_AI_TNLG,Generacion de lenguaje,19.73,
SI,2025,E_AI_TNLG,Generacion de lenguaje,6.05,
SK,2025,E_AI_TNLG,Generacion de lenguaje,9.34,
AT,2025,E_AI_TPA,Automatizacion de procesos,6.43,
BE,2025,E_AI_TPA,Automatizacion de procesos,10.84,
BG,2025,E_AI_TPA,Automatizacion de procesos,3.76,
CY,2025,E_AI_TPA,Automatizacion de procesos,2.87,
CZ,2025,E_AI_TPA,Automatizacion de procesos,4.07,
DE,2025,E_AI_TPA,Automatizacion de procesos,6.96,
DK,2025,E_AI_TPA,Automatizacion de procesos,15.19,
EE,2025,E_AI_TPA,Automatizacion de procesos,3.33,
EL,2025,E_AI_TPA,Automatizacion de procesos,1.89,
ES,2025,E_AI_TPA,Automatizacion de procesos,6.68,
EU27_2020,2025,E_AI_TPA,Automatizacion de procesos,5.35,
FI,2025,E_AI_TPA,Automatizacion de procesos,15.03,
FR,2025,E_AI_TPA,Automatizacion de procesos,4.48,
HR,2025,E_AI_TPA,Automatizacion de procesos,2.91,
HU,2025,E_AI_TPA,Automatizacion de procesos,3.91,
IE,2025,E_AI_TPA,Automatizacion de procesos,5.99,
IT,2025,E_AI_TPA,Automatizacion de procesos,2.86,
LT,2025,E_AI_TPA,Automatizacion de procesos,8.69,
LU,2025,E_AI_TPA,Automatizacion de procesos,7.36,
LV,2025,E_AI_TPA,Automatizacion de procesos,3.86,
MT,2025,E_AI_TPA,Automatizacion de procesos,7.04,
NL,2025,E_AI_TPA,Automatizacion de procesos,8.45,
PL,2025,E_AI_TPA,Automatizacion de procesos,2.6,
PT,2025,E_AI_TPA,Automatizacion de procesos,3.98,
RO,2025,E_AI_TPA,Automatizacion de procesos,2.18,
SE,2025,E_AI_TPA,Automatizacion de procesos,8.79,
SI,2025,E_AI_TPA,Automatizacion de procesos,3.14,
SK,2025,E_AI_TPA,Automatizacion de procesos,4.66,
AT,2025,E_AI_TPVSG,Generacion de imagen/audio,13.08,
BE,2025,E_AI_TPVSG,Generacion de imagen/audio,17.32,
BG,2025,E_AI_TPVSG,Generacion de imagen/audio,4.52,
CY,2025,E_AI_TPVSG,Generacion de imagen/audio,4.68,
CZ,2025,E_AI_TPVSG,Generacion de imagen/audio,9.68,
DE,2025,E_AI_TPVSG,Generacion de imagen/audio,13.52,
DK,2025,E_AI_TPVSG,Generacion de imagen/audio,17.66,
EE,2025,E_AI_TPVSG,Generacion de imagen/audio,6.46,
EL,2025,E_AI_TPVSG,Generacion de imagen/audio,4.02,
ES,2025,E_AI_TPVSG,Generacion de imagen/audio,11.38,
EU27_2020,2025,E_AI_TPVSG,Generacion de imagen/audio,9.55,
FI,2025,E_AI_TPVSG,Generacion de imagen/audio,21.55,
FR,2025,E_AI_TPVSG,Generacion de imagen/audio,7.5,
HR,2025,E_AI_TPVSG,Generacion de imagen/audio,7.04,
HU,2025,E_AI_TPVSG,Generacion de imagen/audio,4.65,
IE,2025,E_AI_TPVSG,Generacion de imagen/audio,5.65,
IT,2025,E_AI_TPVSG,Generacion de imagen/audio,7.04,
LT,2025,E_AI_TPVSG,Generacion de imagen/audio,11.49,
LU,2025,E_AI_TPVSG,Generacion de imagen/audio,14.21,
LV,2025,E_AI_TPVSG,Generacion de imagen/audio,5.48,
MT,2025,E_AI_TPVSG,Generacion de imagen/audio,7.13,
NL,2025,E_AI_TPVSG,Generacion de imagen/audio,14.92,b
PL,2025,E_AI_TPVSG,Generacion de imagen/audio,2.75,
PT,2025,E_AI_TPVSG,Generacion de imagen/audio,5.88,
RO,2025,E_AI_TPVSG,Generacion de imagen/audio,3.03,
SE,2025,E_AI_TPVSG,Generacion de imagen/audio,18.67,
SI,2025,E_AI_TPVSG,Generacion de imagen/audio,6.05,
SK,2025,E_AI_TPVSG,Generacion de imagen/audio,10.93,
AT,2025,E_AI_TSR,Reconocimiento de voz,9.4,
BE,2025,E_AI_TSR,Reconocimiento de voz,12.29,
BG,2025,E_AI_TSR,Reconocimiento de voz,2.67,
CY,2025,E_AI_TSR,Reconocimiento de voz,3.2,
CZ,2025,E_AI_TSR,Reconocimiento de voz,3.57,
DE,2025,E_AI_TSR,Reconocimiento de voz,10.9,
DK,2025,E_AI_TSR,Reconocimiento de voz,15.17,
EE,2025,E_AI_TSR,Reconocimiento de voz,4.68,
EL,2025,E_AI_TSR,Reconocimiento de voz,3.22,
ES,2025,E_AI_TSR,Reconocimiento de voz,7.2,
EU27_2020,2025,E_AI_TSR,Reconocimiento de voz,7.22,
FI,2025,E_AI_TSR,Reconocimiento de voz,14.8,
FR,2025,E_AI_TSR,Reconocimiento de voz,6.14,
HR,2025,E_AI_TSR,Reconocimiento de voz,4.42,
HU,2025,E_AI_TSR,Reconocimiento de voz,3.53,
IE,2025,E_AI_TSR,Reconocimiento de voz,5.81,
IT,2025,E_AI_TSR,Reconocimiento de voz,6.77,
LT,2025,E_AI_TSR,Reconocimiento de voz,4.26,
LU,2025,E_AI_TSR,Reconocimiento de voz,13.02,
LV,2025,E_AI_TSR,Reconocimiento de voz,3.92,
MT,2025,E_AI_TSR,Reconocimiento de voz,4.41,
NL,2025,E_AI_TSR,Reconocimiento de voz,11.61,
PL,2025,E_AI_TSR,Reconocimiento de voz,1.59,
PT,2025,E_AI_TSR,Reconocimiento de voz,3.96,
RO,2025,E_AI_TSR,Reconocimiento de voz,2.31,
SE,2025,E_AI_TSR,Reconocimiento de voz,10.64,
SI,2025,E_AI_TSR,Reconocimiento de voz,4.5,
SK,2025,E_AI_TSR,Reconocimiento de voz,6.91,
AT,2025,E_AI_TTM,Mineria de texto,21.92,
BE,2025,E_AI_TTM,Mineria de texto,23.01,
BG,2025,E_AI_TTM,Mineria de texto,4.97,
CY,2025,E_AI_TTM,Mineria de texto,5.95,
CZ,2025,E_AI_TTM,Mineria de texto,7.15,
DE,2025,E_AI_TTM,Mineria de texto,13.5,
DK,2025,E_AI_TTM,Mineria de texto,29.1,
EE,2025,E_AI_TTM,Mineria de texto,12.02,
EL,2025,E_AI_TTM,Mineria de texto,6.09,
ES,2025,E_AI_TTM,Mineria de texto,10.05,
EU27_2020,2025,E_AI_TTM,Mineria de texto,11.75,
FI,2025,E_AI_TTM,Mineria de texto,28.49,
FR,2025,E_AI_TTM,Mineria de texto,10.23,
HR,2025,E_AI_TTM,Mineria de texto,9.76,
HU,2025,E_AI_TTM,Mineria de texto,5.31,
IE,2025,E_AI_TTM,Mineria de texto,10.52,
IT,2025,E_AI_TTM,Mineria de texto,11.61,
LT,2025,E_AI_TTM,Mineria de texto,15.96,
LU,2025,E_AI_TTM,Mineria de texto,25.04,
LV,2025,E_AI_TTM,Mineria de texto,9.13,
MT,2025,E_AI_TTM,Mineria de texto,11.97,
NL,2025,E_AI_TTM,Mineria de texto,22.93,
PL,2025,E_AI_TTM,Mineria de texto,2.1,
PT,2025,E_AI_TTM,Mineria de texto,6.86,
RO,2025,E_AI_TTM,Mineria de texto,3.57,
SE,2025,E_AI_TTM,Mineria de texto,25.84,
SI,2025,E_AI_TTM,Mineria de texto,14.17,
SK,2025,E_AI_TTM,Mineria de texto,10.37,
